(1) Код товара;(2) Причина
Crafter TA-050/AM;Нет кода товара указанного бренда на сайте
Crafter TMC-035/N;Нет кода товара указанного бренда на сайте
Crafter TM-035/N;Нет кода товара указанного бренда на сайте
Crafter CT-120-12/EQBK;Нет кода товара указанного бренда на сайте
Crafter GAE-18/N;Нет кода товара указанного бренда на сайте
Crafter MD-50-12/N;Нет кода товара указанного бренда на сайте
Crafter SNT-380 EQ/YL;Нет кода товара указанного бренда на сайте
Crafter GA-6 / N;Нет кода товара указанного бренда на сайте
Crafter TM-045/N;Нет кода товара указанного бренда на сайте
Crafter CT-120/TBK;Нет кода товара указанного бренда на сайте
Crafter MD-70-12/TBK;Нет кода товара указанного бренда на сайте
Crafter SA-TMVS;Нет кода товара указанного бренда на сайте
Crafter ML-Rose;Нет кода товара указанного бренда на сайте
Crafter MD-60/AM;Текст был изменен
Crafter SA-TMVS LH;Нет кода товара указанного бренда на сайте
Crafter JE-18/N;Нет кода товара указанного бренда на сайте
Crafter Сonvoy DX/YL;Нет кода товара указанного бренда на сайте
Crafter Convoy DX/AMS;Нет кода товара указанного бренда на сайте
Crafter FSG-260EQ/BK;Нет кода товара указанного бренда на сайте
Crafter DV 250CEQ/VTG;Нет кода товара указанного бренда на сайте
Crafter DTE-6/N;Текст был изменен
Crafter FX-550EQ / RS;Нет кода товара указанного бренда на сайте
Crafter CT-125C/N;Нет кода товара указанного бренда на сайте
Crafter DE-7;Текст был изменен
Crafter ED-145 CEQ / TS;Нет кода товара указанного бренда на сайте
Crafter MD-220 / OS;Нет кода товара указанного бренда на сайте
Crafter SDE-0038 / N;Нет кода товара указанного бренда на сайте
Crafter ED-50 CEQ / N;Нет кода товара указанного бренда на сайте
Crafter FSG-250EQ/N;Нет кода товара указанного бренда на сайте
Crafter SGA-0038 / N;Нет кода товара указанного бренда на сайте
Crafter PC-200 POLISHING CLOTH;Нет кода товара указанного бренда на сайте
Crafter SNT-380 EQ / YL;Нет кода товара указанного бренда на сайте
Crafter SD-0038N;Нет кода товара указанного бренда на сайте
Crafter J-18/N;Текст был изменен
Crafter SA-ARW;Нет кода товара указанного бренда на сайте
Crafter CT-125C/BK;Нет кода товара указанного бренда на сайте
Crafter GA-7/N;Текст был изменен
Crafter GAE-8/BK;Нет кода товара указанного бренда на сайте
Crafter GLXE-3000CD/RS;Нет кода товара указанного бренда на сайте
Crafter SA-12 TMBK;Нет кода товара указанного бренда на сайте
Crafter Richmond 88-GAE/VTG;Нет кода товара указанного бренда на сайте
Crafter SM-Rose;Нет кода товара указанного бренда на сайте
Crafter SM-Bubinga;Нет кода товара указанного бренда на сайте
Crafter D-8-12/N;Текст был изменен
Crafter TV 200CEQ/NV;Нет кода товара указанного бренда на сайте
Crafter JTE 100CEQ/MS;Текст был изменен
Crafter TMC-045/N;Нет кода товара указанного бренда на сайте
Crafter SAT-TMBK;Нет кода товара указанного бренда на сайте
Crafter JTE 100CEQ/TR;Текст был изменен
Crafter JE 24/N;Нет кода товара указанного бренда на сайте
Crafter MD-58/BK;Текст был изменен
Crafter SA-TMBK;Нет кода товара указанного бренда на сайте
Crafter Oakland 55-DE/N;Нет кода товара указанного бренда на сайте
Crafter GLXE-3000/BB;Нет кода товара указанного бренда на сайте
Crafter CT-120/N;Нет кода товара указанного бренда на сайте
Crafter SAT-TMVS;Нет кода товара указанного бренда на сайте
Crafter MD-70-12EQ/TBK;Нет кода товара указанного бренда на сайте
Crafter SA-BUB;Нет кода товара указанного бренда на сайте
Crafter GLXE-3000/OV;Нет кода товара указанного бренда на сайте
Crafter DE-7;Текст был изменен
Crafter D-6/N;Текст был изменен
Crafter MD-58/BK;Текст был изменен
Crafter D-7/N;Нет кода товара указанного бренда на сайте
Crafter PC-200 POLISHING CLOTH;Нет кода товара указанного бренда на сайте
Crafter MD-42/TR;Текст был изменен
Crafter CONVOY DX/AMS;Нет кода товара указанного бренда на сайте
Crafter DE-6/N;Текст был изменен
Crafter JTE 100CEQ/DBS;Текст был изменен
Crafter FSG-280EQ/CS;Нет кода товара указанного бренда на сайте
Crafter MD-42/TR;Текст был изменен
Crafter DTE-7/N;Текст был изменен
Crafter MD-40/N;Текст был изменен
Crafter DE-8;Текст был изменен
Crafter ML-Bubinga;Нет кода товара указанного бренда на сайте
Crafter J-15/N;Текст был изменен
Crafter ED-75 CEQ/BK;Нет кода товара указанного бренда на сайте
Crafter D-8/N;Текст был изменен
Crafter FSG-250EQ/TS;Нет кода товара указанного бренда на сайте
AC 3200-II;Нет такого товара в файле, на сайте отсутствует текст
HD 46-K1;Нет такого товара в файле, на сайте отсутствует текст
888880003548;Нет такого товара в файле, на сайте отсутствует текст
888880002718;Нет такого товара в файле, на сайте отсутствует текст
3I038;Нет такого товара в файле, на сайте отсутствует текст
